A,2023-09-04
B,2023-09-05
C,2023-09-06
D,2023-09-07
E,2023-09-08
F,2023-09-11
A,2023-09-12
B,2023-09-13
C,2023-09-14
D,2023-09-15
E,2023-09-18
F,2023-09-19
A,2023-09-20
B,2023-09-21
C,2023-09-22
D,2023-09-25
E,2023-09-26
F,2023-09-27
A,2023-09-28
B,2023-10-09
C,2023-10-10
D,2023-10-11
E,2023-10-12
F,2023-10-13
A,2023-10-16
B,2023-10-17
C,2023-10-18
D,2023-10-19
E,2023-10-20
F,2023-10-23
A,2023-10-24
B,2023-10-25
C,2023-10-26
D,2023-10-30
E,2023-10-31
F,2023-11-01
A,2023-11-02
B,2023-11-03
C,2023-11-06
D,2023-11-07
E,2023-11-08
F,2023-11-09
A,2023-11-10
B,2023-11-13
C,2023-11-14
D,2023-11-15
E,2023-11-20
F,2023-11-21
A,2023-11-22
B,2023-11-23
C,2023-11-24
D,2023-11-27
E,2023-11-28
F,2023-11-29
A,2023-11-30
B,2023-12-04
C,2023-12-05
D,2023-12-06
E,2023-12-07
F,2023-12-08
A,2023-12-11
B,2023-12-12
C,2023-12-13
D,2023-12-14
E,2023-12-15
F,2023-12-18
A,2023-12-19
B,2023-12-20
C,2023-12-21
D,2024-01-08
E,2024-01-09
F,2024-01-10
A,2024-01-11
B,2024-01-12
C,2024-01-15
D,2024-01-16
E,2024-01-17
F,2024-01-18
A,2024-01-19
B,2024-01-22
C,2024-01-23
D,2024-01-24
E,2024-01-25
F,2024-01-26
A,2024-01-29
B,2024-01-30
C,2024-01-31
D,2024-02-01
E,2024-02-19
F,2024-02-20
A,2024-02-21
B,2024-02-22
C,2024-02-23
D,2024-02-26
E,2024-02-27
F,2024-02-28
A,2024-02-29
B,2024-03-01
C,2024-03-04
D,2024-03-05
E,2024-03-06
F,2024-03-07
A,2024-03-08
B,2024-03-11
C,2024-03-12
D,2024-03-13
E,2024-03-14
F,2024-03-15
A,2024-03-18
B,2024-03-19
C,2024-03-20
D,2024-03-21
E,2024-03-22
F,2024-03-25
A,2024-03-26
B,2024-03-27
C,2024-03-28
D,2024-03-29
E,2024-04-09
F,2024-04-10
A,2024-04-11
B,2024-04-12
C,2024-04-15
D,2024-04-16
E,2024-04-17
F,2024-04-18
A,2024-04-19
B,2024-04-22
C,2024-04-23
D,2024-04-24
E,2024-04-25
F,2024-04-26
A,2024-04-29
B,2024-04-30
C,2024-05-02
D,2024-05-03
E,2024-05-06
F,2024-05-07
A,2024-05-08
B,2024-05-09
C,2024-05-10
D,2024-05-13
E,2024-05-14
F,2024-05-15
A,2024-05-16
B,2024-05-17
C,2024-05-20
D,2024-05-21
E,2024-05-22
F,2024-05-23
A,2024-05-24
B,2024-05-27
C,2024-05-28
D,2024-05-29
E,2024-05-30
F,2024-05-31
A,2024-06-03
B,2024-06-04
C,2024-06-05
D,2024-06-06
E,2024-06-07
F,2024-06-11
A,2024-06-12
B,2024-06-13
C,2024-06-14
D,2024-06-17
E,2024-06-18
F,2024-06-19
A,2024-06-20
B,2024-06-21
C,2024-06-24
D,2024-06-25
E,2024-06-26
F,2024-06-27
